{
  "Enforcer": {
    	"hp": "8",
    	"mp": "4",
    	"init": "2",
    	"ap": "1",
    	"dam": "1",
		"level":"0",
	"type":"Player",
	"sprite":"player/Enforcer.png"
  },
  "Assault": {
    	"hp": "6",
    	"mp": "3",
    	"init": "2",
    	"ap": "4",
   	"dam": "4",
	"level":"0",
	"type":"Player",
	"sprite":"player/Assault.png"
  },
  "Sniper": {
    	"hp": "4",
    	"mp": "2",
    	"init": "4",
    	"ap": "8",
    	"dam": "3",
		"level":"0",
  "type":"Player",
  "sprite":"player/Sniper.png"
  },
  "Support": {
    	"hp": "4",
    	"mp": "3",
    	"init": "3",
    	"ap": "8",
   	"dam": "1",
	"level":"0",
  "type":"Support",
  "sprite":"player/Support.png"
  },
  "Player": [
    	{
		"type": "Enforcer",
        	"cox": "1",
		"coy": "4"
    	},
	{
		"type": "Assault",
		"cox": "1",
		"coy": "5"
	},
	{
		"type": "Sniper",
		"cox": "0",
		"coy": "5"
	},
	{
		"type": "Support",
		"cox": "0",
		"coy": "4"
	}
  ]
}