{
  "Mbot": {
    	"hp": "6",
    	"mp": "4",
    	"init": "2",
    	"ap": "1",
    	"dam": "1",
	"type":"Melee",
	"sprite":"enemy/Mbot.png"
  },
  "Rbot": {
    	"hp": "4",
    	"mp": "2",
    	"init": "3",
    	"ap": "4",
   	"dam": "1",
	"type":"Ranged",
	"sprite":"enemy/Rbot.png"
  },
  "Enemy": [
    	{
		"type": "Mbot",
        	"cox": "5",
		"coy": "4"
    	},
	{
		"type": "Mbot",
		"cox": "5",
		"coy": "6"
	},
	{
		"type": "Rbot",
		"cox": "8",
		"coy": "4"
	},
	{
		"type": "Rbot",
		"cox": "8",
		"coy": "6"
	}
  ]
}