{
  "Afighter": {
    	"hp": "6",
    	"mp": "3",
    	"init": "3",
    	"ap": "1",
    	"dam": "2",
	"type":"Melee",
	"sprite":"enemy/Afighter.png"
  },
  "Adefender": {
    	"hp": "8",
    	"mp": "4",
    	"init": "2",
    	"ap": "1",
   	"dam": "1",
	"type":"Melee",
	"sprite":"enemy/Adefender.png"
  },
  "Ashotgun": {
    	"hp": "6",
    	"mp": "3",
    	"init": "3",
    	"ap": "3",
   	"dam": "4",
  "type":"Ranged",
  "sprite":"enemy/Ashotgun.png"
  },
  "Enemy": [
    	{
		"type": "Adefender",
        	"cox": "5",
		"coy": "4"
    	},
	{
		"type": "Afighter",
		"cox": "5",
		"coy": "6"
	},
	{
		"type": "Ashotgun",
		"cox": "7",
		"coy": "4"
	}
  ]
}