{
  "Afighter": {
    	"hp": "6",
    	"mp": "3",
    	"init": "3",
    	"ap": "1",
    	"dam": "2",
	"type":"Melee",
	"sprite":"enemy/Afighter.png"
  },
  "Aofficer": {
    	"hp": "6",
    	"mp": "3",
    	"init": "4",
    	"ap": "4",
   	"dam": "1",
  "type":"Officer",
  "sprite":"enemy/Aofficer.png"
  },
  "Asniper": {
    	"hp": "4",
    	"mp": "2",
    	"init": "5",
    	"ap": "8",
   	"dam": "4",
  "type":"Ranged",
  "sprite":"enemy/Asniper.png"
  },
  "Enemy": [
    	{
		"type": "Afighter",
        	"cox": "3",
		"coy": "4"
    	},
	{
		"type": "Afighter",
		"cox": "3",
		"coy": "6"
	},
	{
		"type": "Aofficer",
		"cox": "5",
		"coy": "5"
	},
	{
		"type": "Asniper",
		"cox": "7",
		"coy": "4"
	}
  ]
}