{
	"Afighter": {
	  	"hp": "8",
	  	"mp": "3",
	  	"init": "4",
	  	"ap": "1",
	  	"dam": "3",
	"type":"Melee",
	"sprite":"enemy/Afighter.png"
	},
	"Aofficer": {
	  	"hp": "8",
	  	"mp": "3",
	  	"init": "5",
	  	"ap": "4",
	 	"dam": "2",
	"type":"Officer",
	"sprite":"enemy/Aofficer.png"
	},
	"Ashotgun": {
	  	"hp": "8",
	  	"mp": "3",
	  	"init": "4",
	  	"ap": "3",
	 	"dam": "4",
	"type":"Ranged",
	"sprite":"enemy/Ashotgun.png"
	},
	"Enemy": [
	  	{
		"type": "Afighter",
	      	"cox": "2",
		"coy": "4"
	  	},
	{
		"type": "Afighter",
		"cox": "3",
		"coy": "4"
	},
	{
		"type": "Aofficer",
		"cox": "6",
		"coy": "5"
	},
	{
		"type": "Ashotgun",
		"cox": "4",
		"coy": "3"
	},
	{
		"type": "Ashotgun",
		"cox": "4",
		"coy": "6"
	}
	]
}