{
	"Aofficer": {
	  	"hp": "8",
	  	"mp": "3",
	  	"init": "5",
	  	"ap": "4",
	 	"dam": "2",
	"type":"Officer",
	"sprite":"enemy/Aofficer.png"
	},
	"Adefender": {
	  	"hp": "10",
	  	"mp": "4",
	  	"init": "3",
	  	"ap": "1",
	 	"dam": "2",
	"type":"Melee",
	"sprite":"enemy/Adefender.png"
	},
	"Asniper": {
	  	"hp": "4",
	  	"mp": "2",
	  	"init": "6",
	  	"ap": "8",
	 	"dam": "5",
	"type":"Ranged",
	"sprite":"enemy/Asniper.png"
	},
	"Enemy": [
	  	{
		"type": "Adefender",
	      	"cox": "3",
		"coy": "4"
	  	},
	{
		"type": "Adefender",
		"cox": "2",
		"coy": "4"
	},
	{
		"type": "Aofficer",
		"cox": "6",
		"coy": "5"
	},
	{
		"type": "Asniper",
		"cox": "7",
		"coy": "3"
	},
	{
		"type": "Asniper",
		"cox": "7",
		"coy": "6"
	}
	]
}