{
	"Afighter": {
	  	"hp": "8",
	  	"mp": "3",
	  	"init": "4",
	  	"ap": "1",
	  	"dam": "3",
	"type":"Melee",
	"sprite":"enemy/Afighter.png"
	},
	"Ashotgun": {
	  	"hp": "8",
	  	"mp": "3",
	  	"init": "3",
	  	"ap": "3",
	 	"dam": "4",
	"type":"Ranged",
	"sprite":"enemy/Ashotgun.png"
	},
	"Acommander": {
	  	"hp": "22",
	  	"mp": "4",
	  	"init": "10",
	  	"ap": "4",
	 	"dam": "5",
	"type":"Commander",
	"sprite":"enemy/Acommander.png"
	},
	"Adefender": {
	  	"hp": "10",
	  	"mp": "4",
	  	"init": "3",
	  	"ap": "1",
	 	"dam": "2",
	"type":"Melee",
	"sprite":"enemy/Adefender.png"
	},
	"Asniper": {
	  	"hp": "4",
	  	"mp": "2",
	  	"init": "6",
	  	"ap": "8",
	 	"dam": "5",
	"type":"Ranged",
	"sprite":"enemy/Asniper.png"
	},
	"Enemy": [
	  	{
		"type": "Adefender",
	      	"cox": "3",
		"coy": "6"
	  	},
	{
		"type": "Asniper",
		"cox": "7",
		"coy": "6"
	},
	{
		"type": "Acommander",
		"cox": "5",
		"coy": "5"
	},
	{
		"type": "Afighter",
		"cox": "3",
		"coy": "5"
	},
	{
		"type": "Ashotgun",
		"cox": "6",
		"coy": "4"
	}
	]
}